3839020610580006,3839021101080733,0,KTP,,,"Kasiyah Elvina",LAKI-LAKI,MADURA,"1958-10-06 00:00:00",65,ISLAM,SLTP/SEDERAJAT,"BURUH HARIAN LEPAS",KAWIN,,,WNI,,,"KEPALA KELUARGA",TETAP,HIDUP,,"KPG. PACOCHA NO 4","KPG. PACOCHA NO 4",1,"2013-05-28 00:00:00","2013-05-28 00:00:00"
3839020611200004,3839021006210001,0,KTP,,,"Anandya Elisa",LAKI-LAKI,"HULU SUNGAI SELATAN ","2020-06-11 00:00:00",3,ISLAM,"TIDAK/BELUM SEKOLAH","BELUM/TIDAK BEKERJA","BELUM KAWIN",,,WNI,,,ANAK,TETAP,HIDUP,,"KPG. COLE NO 3","KPG. COLE NO 3",1,"2021-10-06 00:00:00","2021-10-06 00:00:00"
3839020701830011,3839020901090025,0,KTP,,,"Lukita Lesmana",LAKI-LAKI,BANJARMASIN,"1983-01-07 00:00:00",41,ISLAM,SLTP/SEDERAJAT,"KARYAWAN SWASTA","KAWIN TERCATAT",,,WNI,,,"KEPALA KELUARGA",TETAP,HIDUP,,"DK. ANDERSON NO 15","DK. ANDERSON NO 15",1,"2019-02-18 00:00:00","2019-02-18 00:00:00"
3839020702820010,3839021901080235,0,KTP,,,"Kusuma Winda",LAKI-LAKI,RANTAU,"1979-07-01 00:00:00",44,ISLAM,"TIDAK/BELUM SEKOLAH",WIRASWASTA,KAWIN,,,WNI,,,"KEPALA KELUARGA",TETAP,HIDUP,,"KPG. GARANG NO 4","KPG. GARANG NO 4",1,"2018-05-11 00:00:00","2018-05-11 00:00:00"
3839020703030006,3839021101080199,0,KTP,,,"Nimas Nimas Mayasari",LAKI-LAKI,BANJARMASIN,"2003-03-07 00:00:00",21,ISLAM,"TIDAK/BELUM SEKOLAH","BELUM/TIDAK BEKERJA","BELUM KAWIN",,,WNI,,,ANAK,TETAP,HIDUP,,"JLN. NARDI NO 18","JLN. NARDI NO 18",1,"2018-02-26 00:00:00","2018-02-26 00:00:00"
3839020704020009,3839021702080022,0,KTP,,,"Wicaksono Bambang",LAKI-LAKI,BARABAI,"2002-04-07 00:00:00",22,ISLAM,"BELUM TAMAT SD/SEDERAJAT",PELAJAR/MAHASISWA,"BELUM KAWIN",,,WNI,,,ANAK,TETAP,HIDUP,,"JLN. ISMAIL NO 5","JLN. ISMAIL NO 5",1,"2011-06-07 00:00:00","2011-06-07 00:00:00"
3839020706850007,3839021101080210,0,KTP,,,"Anggraini Lidya",LAKI-LAKI,TANJUNG,"1985-06-07 00:00:00",38,ISLAM,"TIDAK/BELUM SEKOLAH","BELUM/TIDAK BEKERJA","BELUM KAWIN",,,WNI,,,ANAK,TETAP,HIDUP,,"KPG. FLATLEY NO 99","KPG. FLATLEY NO 99",1,"2016-10-17 00:00:00","2016-10-17 00:00:00"
3839020707660008,3839020102080540,0,KTP,,,"Pertiwi Almira",LAKI-LAKI,SOLO,"1966-07-07 00:00:00",57,ISLAM,SLTP/SEDERAJAT,"KARYAWAN SWASTA","KAWIN TERCATAT",,,WNI,,,"KEPALA KELUARGA",TETAP,HIDUP,,"PSR. CHANDRA NO 67","PSR. CHANDRA NO 67",1,"2019-12-10 00:00:00","2019-12-10 00:00:00"
3839020708880004,3839021503160002,0,KTP,,,"Sabian Dwi",LAKI-LAKI,"KANDANGAN ","1988-07-08 00:00:00",35,ISLAM,"DIPLOMA IV/STRATA I","KARYAWAN HONORER","KAWIN TERCATAT",,,WNI,,,"KEPALA KELUARGA",TETAP,HIDUP,,"GG. KAJEN NO 62","GG. KAJEN NO 62",1,"2020-09-30 00:00:00","2020-09-30 00:00:00"
3839020709790014,3839021710090010,0,KTP,,,"Maryadi Jaeman",LAKI-LAKI,BARABAI,"1979-09-07 00:00:00",44,ISLAM,"BELUM TAMAT SD/SEDERAJAT",PEDAGANG,KAWIN,,,WNI,,,"KEPALA KELUARGA",TETAP,HIDUP,,"KPG. SHANAHAN NO 93","KPG. SHANAHAN NO 93",1,"2017-10-17 00:00:00","2017-10-17 00:00:00"
3839020710070003,3839020904180004,0,KTP,,,"Martana Martana Thamrin",LAKI-LAKI,"LUMAJANG ","2007-10-07 00:00:00",16,ISLAM,"TIDAK/BELUM SEKOLAH","BELUM/TIDAK BEKERJA","BELUM KAWIN",,,WNI,,,ANAK,TETAP,HIDUP,,"DS. RICE NO 7","DS. RICE NO 7",1,"2018-04-09 00:00:00","2018-04-09 00:00:00"
3839020712190001,3839010602080272,0,KTP,,,"Faresta Prasetyo",LAKI-LAKI,"LUMAJANG ","2019-12-07 00:00:00",4,ISLAM,"TIDAK/BELUM SEKOLAH","BELUM/TIDAK BEKERJA","BELUM KAWIN",,,WNI,,,ANAK,TETAP,HIDUP,,"GG. PRIMA NO 50","GG. PRIMA NO 50",1,"2022-12-22 00:00:00","2022-12-22 00:00:00"
3839020803890006,3839021203150008,0,KTP,,,"Adhitama Eka",LAKI-LAKI,"KLATEN ","1989-03-08 00:00:00",35,ISLAM,"AKADEMI/DIPLOMA III/SARJANA MUDA","KARYAWAN SWASTA","KAWIN TERCATAT",,,WNI,,,"KEPALA KELUARGA",TETAP,HIDUP,,"GG. SCHILLER NO 25","GG. SCHILLER NO 25",1,"2019-09-12 00:00:00","2019-09-12 00:00:00"
3839020805840013,3839021101080212,0,KTP,,,"Martana Martana Saputra",LAKI-LAKI,BANJARMASIN,"1984-05-08 00:00:00",40,ISLAM,SLTA/SEDERAJAT,WIRASWASTA,"BELUM KAWIN",,,WNI,,,ANAK,TETAP,HIDUP,,"KPG. IDA NO 8","KPG. IDA NO 8",1,"2017-11-01 00:00:00","2017-11-01 00:00:00"
3839020806070003,3839021101080383,0,KTP,,,"Lailasari Sasha",LAKI-LAKI,KANDANGAN,"2007-06-08 00:00:00",16,ISLAM,"BELUM TAMAT SD/SEDERAJAT",PELAJAR/MAHASISWA,"BELUM KAWIN",,,WNI,,,ANAK,TETAP,HIDUP,,"JLN. SAKA NO 7","JLN. SAKA NO 7",1,"2014-09-05 00:00:00","2014-09-05 00:00:00"
3839020809180001,3839020406090009,0,KTP,,,"Wulandari Amanta",LAKI-LAKI,BIMA,"2018-09-08 00:00:00",5,KATHOLIK,"TIDAK/BELUM SEKOLAH","BELUM/TIDAK BEKERJA","BELUM KAWIN",,,WNI,,,ANAK,TETAP,HIDUP,,"JR. DOYLE NO 91","JR. DOYLE NO 91",1,"2018-10-05 00:00:00","2018-10-05 00:00:00"
3839020810580003,3839021001080486,0,KTP,,,"Hana Amanta",LAKI-LAKI,MADURA,"1958-10-08 00:00:00",65,ISLAM,"TAMAT SD/SEDERAJAT","BURUH HARIAN LEPAS",KAWIN,,,WNI,,,"KEPALA KELUARGA",TETAP,HIDUP,,"JLN. SHERLY NO 12","JLN. SHERLY NO 12",1,"2011-08-04 00:00:00","2011-08-04 00:00:00"
3839020902670005,3839020102081060,0,KTP,,,"Wacana Jasmani",LAKI-LAKI,BANJARMASIN,"1967-02-09 00:00:00",57,ISLAM,"TAMAT SD/SEDERAJAT","BURUH HARIAN LEPAS",KAWIN,,,WNI,,,"KEPALA KELUARGA",TETAP,HIDUP,,"KPG. BEIER NO 1","KPG. BEIER NO 1",1,"2018-03-08 00:00:00","2018-03-08 00:00:00"
3839020902940004,3839021207220009,0,KTP,,,"Oktaviani Hamima",LAKI-LAKI,"HULU SUNGAI SELATAN ","1994-02-09 00:00:00",30,ISLAM,SLTA/SEDERAJAT,"KARYAWAN SWASTA","KAWIN TERCATAT",,,WNI,,,"KEPALA KELUARGA",TETAP,HIDUP,,"JR. JAGA NO 60","JR. JAGA NO 60",1,"2022-07-12 00:00:00","2022-07-12 00:00:00"
3839020903110001,3839021603110001,0,KTP,,,"Malika Salma",LAKI-LAKI,BANJARMASIN,"2011-03-09 00:00:00",13,ISLAM,"TIDAK/BELUM SEKOLAH","BELUM/TIDAK BEKERJA","BELUM KAWIN",,,WNI,,,ANAK,TETAP,HIDUP,,"JLN. AJENG NO 92","JLN. AJENG NO 92",1,"2021-06-28 00:00:00","2021-06-28 00:00:00"
3839020903130004,3839020901080273,0,KTP,,,"Gadang Maheswara",LAKI-LAKI,SOLO,"2013-09-03 00:00:00",10,ISLAM,"TIDAK/BELUM SEKOLAH","BELUM/TIDAK BEKERJA","BELUM KAWIN",,,WNI,,,ANAK,TETAP,HIDUP,,"KI. WAKIMAN NO 2","KI. WAKIMAN NO 2",1,"2021-02-18 00:00:00","2021-02-18 00:00:00"
3839020904110001,3839020802110001,0,KTP,,,"Patricia Patricia Laksita",LAKI-LAKI,BANJARMASIN,"2011-04-09 00:00:00",13,ISLAM,"TIDAK/BELUM SEKOLAH","BELUM/TIDAK BEKERJA","BELUM KAWIN",,,WNI,,,ANAK,TETAP,HIDUP,,"JR. VOLKMAN NO 77","JR. VOLKMAN NO 77",1,"2018-02-15 00:00:00","2018-02-15 00:00:00"
3839020904840008,3839020102080817,0,KTP,,,"Wibisono Langgeng",LAKI-LAKI,BARABAI,"1984-04-09 00:00:00",40,ISLAM,SLTA/SEDERAJAT,"KARYAWAN SWASTA","KAWIN TERCATAT",,,WNI,,,"KEPALA KELUARGA",TETAP,HIDUP,,"KI. BALAPATI NO 2","KI. BALAPATI NO 2",1,"2022-11-21 00:00:00","2022-11-21 00:00:00"
3839020909030009,3839021405100003,0,KTP,,,"Oni Safitri",LAKI-LAKI,MARTAPURA,"2003-09-09 00:00:00",20,ISLAM,"TIDAK/BELUM SEKOLAH","BELUM/TIDAK BEKERJA","BELUM KAWIN",,,WNI,,,LAINNYA,TETAP,HIDUP,,"DS. ROOB NO 23","DS. ROOB NO 23",1,"2019-12-02 00:00:00","2019-12-02 00:00:00"
3839020909060004,3839020601100009,0,KTP,,,"Warsa Himawan",LAKI-LAKI,SOLO,"2006-09-09 00:00:00",17,ISLAM,"TAMAT SD/SEDERAJAT",PELAJAR/MAHASISWA,"BELUM KAWIN",,,WNI,,,ANAK,TETAP,HIDUP,,"DK. FISHER NO 92","DK. FISHER NO 92",1,"2020-01-16 00:00:00","2020-01-16 00:00:00"
3839020909940009,3839021602220005,0,KTP,,,"Ulya Ulya Usamah",LAKI-LAKI,BARABAI,"1994-09-09 00:00:00",29,ISLAM,SLTP/SEDERAJAT,"KARYAWAN SWASTA","BELUM KAWIN",,,WNI,,,"KEPALA KELUARGA",TETAP,HIDUP,,"KPG. DARMAJI NO 8","KPG. DARMAJI NO 8",1,"2022-02-16 00:00:00","2022-02-16 00:00:00"
3839020910860011,3839021307110009,0,KTP,,,"Sherly Rachmawati",LAKI-LAKI,BANJARMASIN,"1986-10-09 00:00:00",37,ISLAM,SLTA/SEDERAJAT,PELAJAR/MAHASISWA,"BELUM KAWIN",,,WNI,,,ANAK,TETAP,HIDUP,,"PSR. NURUL NO 13","PSR. NURUL NO 13",1,"2019-09-18 00:00:00","2019-09-18 00:00:00"
3839021001700012,3839020305110001,0,KTP,,,"Abyasa Abyasa Kurniawan",LAKI-LAKI,TANJUNG,"1958-01-10 00:00:00",66,ISLAM,SLTP/SEDERAJAT,"KARYAWAN SWASTA","BELUM KAWIN",,,WNI,,,ISTRI,TETAP,HIDUP,,"DS. MITRA NO 63","DS. MITRA NO 63",1,"2011-05-03 00:00:00","2011-05-03 00:00:00"
3839021001990011,3839021102080002,0,KTP,,,"Gabriella Maheswari",LAKI-LAKI,TANJUNG,"1999-01-10 00:00:00",25,KATHOLIK,SLTA/SEDERAJAT,PELAJAR/MAHASISWA,"BELUM KAWIN",,,WNI,,,ANAK,TETAP,HIDUP,,"GG. NUGRAHA NO 42","GG. NUGRAHA NO 42",1,"2015-02-16 00:00:00","2015-02-16 00:00:00"
3839021004030012,3839020905080057,0,KTP,,,"Taswir Haikal",LAKI-LAKI,MADURA,"2003-04-10 00:00:00",21,ISLAM,"TAMAT SD/SEDERAJAT","BELUM/TIDAK BEKERJA","BELUM KAWIN",,,WNI,,,ANAK,TETAP,HIDUP,,"KI. KAMBALI NO 32","KI. KAMBALI NO 32",1,"2017-11-21 00:00:00","2017-11-21 00:00:00"
3839021007900007,3839021012120004,0,KTP,,,"Tri Tri Agustina",LAKI-LAKI,MADURA,"1990-07-10 00:00:00",33,ISLAM,SLTA/SEDERAJAT,"KARYAWAN SWASTA","KAWIN TERCATAT",,,WNI,,,"KEPALA KELUARGA",TETAP,HIDUP,,"DS. BAJRAGIN NO 36","DS. BAJRAGIN NO 36",1,"2019-04-10 00:00:00","2019-04-10 00:00:00"
3839021008500010,3839021512100012,0,KTP,,,"Hastuti Diana",LAKI-LAKI,"HULU SUNGAI SELATAN ","1950-10-08 00:00:00",73,ISLAM,SLTA/SEDERAJAT,WIRASWASTA,KAWIN,,,WNI,,,"KEPALA KELUARGA",TETAP,HIDUP,,"DS. LEFFLER NO 35","DS. LEFFLER NO 35",1,"2014-05-16 00:00:00","2014-05-16 00:00:00"
3839021009980010,3839021205090012,0,KTP,,,"Saraswati Zizi",LAKI-LAKI,BANJARMASIN,"1998-09-10 00:00:00",25,ISLAM,"TAMAT SD/SEDERAJAT",PELAJAR/MAHASISWA,"BELUM KAWIN",,,WNI,,,ANAK,TETAP,HIDUP,,"DK. BOSCO NO 43","DK. BOSCO NO 43",1,"2015-11-04 00:00:00","2015-11-04 00:00:00"
3839021010040013,3839020102080636,0,KTP,,,"Mustika Mustika Prayoga",LAKI-LAKI,"KANDANGAN ","2004-10-10 00:00:00",19,ISLAM,"TIDAK/BELUM SEKOLAH","BELUM/TIDAK BEKERJA","BELUM KAWIN",,,WNI,,,ANAK,TETAP,HIDUP,,"DS. MUNI NO 7","DS. MUNI NO 7",1,"2019-01-21 00:00:00","2019-01-21 00:00:00"
3839021010800026,3839021108160002,0,KTP,,,"Usman Wibisono",LAKI-LAKI,RANTAU,"1980-10-10 00:00:00",43,ISLAM,SLTA/SEDERAJAT,WIRASWASTA,KAWIN,,,WNI,,,"KEPALA KELUARGA",TETAP,HIDUP,,"JLN. PRANATA NO 87","JLN. PRANATA NO 87",1,"2018-09-07 00:00:00","2018-09-07 00:00:00"
3839021010850019,3839020102080700,0,KTP,,,"Kartika Kartika Suryatmi",LAKI-LAKI,BARABAI,"1985-10-10 00:00:00",38,ISLAM,SLTP/SEDERAJAT,WIRASWASTA,"BELUM KAWIN",,,WNI,,,"FAMILI LAIN",TETAP,HIDUP,,"DK. EMPLUK NO 3","DK. EMPLUK NO 3",1,"2021-11-12 00:00:00","2021-11-12 00:00:00"
3839021011560005,3839020402090003,0,KTP,,,"Mahdi Faresta",LAKI-LAKI,RANTAU,"1956-10-11 00:00:00",67,ISLAM,SLTA/SEDERAJAT,WIRASWASTA,"KAWIN BELUM TERCATAT",,,WNI,,,"KEPALA KELUARGA",TETAP,HIDUP,,"GG. KAUTZER NO 9","GG. KAUTZER NO 9",1,"2021-05-20 00:00:00","2021-05-20 00:00:00"
3839021012780008,3839020406090009,0,KTP,,,"Ratna Ananda",LAKI-LAKI,MARTAPURA,"1978-12-10 00:00:00",45,KATHOLIK,SLTA/SEDERAJAT,WIRASWASTA,KAWIN,,,WNI,,,"KEPALA KELUARGA",TETAP,HIDUP,,"KPG. VEUM NO 1","KPG. VEUM NO 1",1,"2018-10-05 00:00:00","2018-10-05 00:00:00"
3839021105680012,3839021909190010,0,KTP,,,"Tania Tania Usamah",PEREMPUAN,BARABAI,"1968-05-11 00:00:00",56,ISLAM,"TAMAT SD/SEDERAJAT",WIRASWASTA,"CERAI MATI",,,WNI,,,"ORANG TUA",TETAP,HIDUP,,"GG. HASAN NO 54","GG. HASAN NO 54",1,"2020-01-17 00:00:00","2020-01-17 00:00:00"
3839021105960007,3839021102080002,0,KTP,,,"Hendri Nashiruddin",LAKI-LAKI,MARTAPURA,"1996-05-11 00:00:00",28,KATHOLIK,SLTA/SEDERAJAT,PELAJAR/MAHASISWA,"BELUM KAWIN",,,WNI,,,ANAK,TETAP,HIDUP,,"DS. DIPA NO 28","DS. DIPA NO 28",1,"2015-02-16 00:00:00","2015-02-16 00:00:00"
3839021106950003,3839021705180006,0,KTP,,,"Murti Murti Wacana",LAKI-LAKI,"BANJARMASIN ","1995-06-11 00:00:00",28,ISLAM,SLTA/SEDERAJAT,"BELUM/TIDAK BEKERJA","BELUM KAWIN",,,WNI,,,ANAK,TETAP,HIDUP,,"JR. GOLDNER NO 15","JR. GOLDNER NO 15",1,"2018-08-08 00:00:00","2018-08-08 00:00:00"
3839021108150003,3839021205090012,0,KTP,,,"Siska Siska Utami",LAKI-LAKI,"LUMAJANG ","2015-08-11 00:00:00",8,ISLAM,"TIDAK/BELUM SEKOLAH","BELUM/TIDAK BEKERJA","BELUM KAWIN",,,WNI,,,ANAK,TETAP,HIDUP,,"DK. KUNZE NO 7","DK. KUNZE NO 7",1,"2015-11-04 00:00:00","2015-11-04 00:00:00"
3839021201080376,3839021201080376,0,KTP,,,"Dadap Dadap Rayhan",LAKI-LAKI,KANDANGAN,"1948-09-20 00:00:00",75,ISLAM,"TAMAT SD/SEDERAJAT",WIRASWASTA,KAWIN,,,WNI,,,"KEPALA KELUARGA",TETAP,HIDUP,,"PSR. TIRA NO 4","PSR. TIRA NO 4",1,"2008-11-09 00:00:00","2008-11-09 00:00:00"
3839021205140007,3839021710090010,0,KTP,,,"Gadis Gadis Aqila",LAKI-LAKI,"HULU SUNGAI SELATAN ","2014-05-12 00:00:00",10,ISLAM,"TIDAK/BELUM SEKOLAH","BELUM/TIDAK BEKERJA","BELUM KAWIN",,,WNI,,,ANAK,TETAP,HIDUP,,"KI. RACHEL NO 1","KI. RACHEL NO 1",1,"2017-10-17 00:00:00","2017-10-17 00:00:00"
3839021205630009,3839021101080204,0,KTP,,,"Radika Haryanto",LAKI-LAKI,SOLO,"1963-05-12 00:00:00",61,ISLAM,"TAMAT SD/SEDERAJAT",PEDAGANG,KAWIN,,,WNI,,,"KEPALA KELUARGA",TETAP,HIDUP,,"JLN. TUGIMAN NO 4","JLN. TUGIMAN NO 4",1,"2016-06-02 00:00:00","2016-06-02 00:00:00"
3839021209960003,3839021101080161,0,KTP,,,"Lukman Tamba",LAKI-LAKI,BANJARMASIN,"1996-09-12 00:00:00",27,ISLAM,SLTP/SEDERAJAT,PELAJAR/MAHASISWA,"BELUM KAWIN",,,WNI,,,ANAK,TETAP,HIDUP,,"PSR. CITRA NO 14","PSR. CITRA NO 14",1,"2020-06-24 00:00:00","2020-06-24 00:00:00"
3839021212960008,3839021409080023,0,KTP,,,"Tantri Tantri Kusuma",LAKI-LAKI,"LUMAJANG ","1996-12-12 00:00:00",27,BUDDHA,"BELUM TAMAT SD/SEDERAJAT",PELAJAR/MAHASISWA,"BELUM KAWIN",,,WNI,,,ANAK,TETAP,HIDUP,,"KI. HANSEN NO 10","KI. HANSEN NO 10",1,"2018-05-15 00:00:00","2018-05-15 00:00:00"
3839021301060003,3839021201080785,0,KTP,,,"Indira Anandya",LAKI-LAKI,"BANJARMASIN ","2006-01-13 00:00:00",18,ISLAM,SLTP/SEDERAJAT,PELAJAR/MAHASISWA,"BELUM KAWIN",,,WNI,,,ANAK,TETAP,HIDUP,,"PSR. GHALIYATI NO 3","PSR. GHALIYATI NO 3",1,"2022-06-23 00:00:00","2022-06-23 00:00:00"
3839021301090001,3839020102080817,0,KTP,,,"Mayasari Nabila",LAKI-LAKI,"BANJARMASIN ","2009-01-13 00:00:00",15,ISLAM,"TIDAK/BELUM SEKOLAH","BELUM/TIDAK BEKERJA","BELUM KAWIN",,,WNI,,,ANAK,TETAP,HIDUP,,"JLN. HEATHCOTE NO 3","JLN. HEATHCOTE NO 3",1,"2022-11-21 00:00:00","2022-11-21 00:00:00"
3839021301130002,3839022111120003,0,KTP,,,"Laksita Maya",LAKI-LAKI,"LUMAJANG ","2013-01-13 00:00:00",11,ISLAM,"TIDAK/BELUM SEKOLAH","BELUM/TIDAK BEKERJA","BELUM KAWIN",,,WNI,,,ANAK,TETAP,HIDUP,,"JLN. RAINA NO 9","JLN. RAINA NO 9",1,"2019-01-15 00:00:00","2019-01-15 00:00:00"
3839021302880004,3839020802110001,0,KTP,,,"Mahardika Balapati",LAKI-LAKI,RANTAU,"1988-02-13 00:00:00",36,ISLAM,"TAMAT SD/SEDERAJAT","KARYAWAN SWASTA",KAWIN,,,WNI,,,"KEPALA KELUARGA",TETAP,HIDUP,,"JR. FARHUNNISA NO 2","JR. FARHUNNISA NO 2",1,"2018-02-15 00:00:00","2018-02-15 00:00:00"
3839021303950008,3839021102130008,0,KTP,,,"Catur Saragih",LAKI-LAKI,BANJARMASIN,"1995-03-13 00:00:00",29,ISLAM,"TIDAK/BELUM SEKOLAH","BELUM/TIDAK BEKERJA","BELUM KAWIN",,,WNI,,,ANAK,TETAP,HIDUP,,"JLN. DONO NO 3","JLN. DONO NO 3",1,"2013-02-11 00:00:00","2013-02-11 00:00:00"
3839021305150002,3839021001080584,0,KTP,,,"Kayla Mardhiyah",LAKI-LAKI,"KLATEN ","2015-05-13 00:00:00",9,ISLAM,"TIDAK/BELUM SEKOLAH","BELUM/TIDAK BEKERJA","BELUM KAWIN",,,WNI,,,ANAK,TETAP,HIDUP,,"PSR. ROSA NO 36","PSR. ROSA NO 36",1,"2020-02-12 00:00:00","2020-02-12 00:00:00"
3839021305160002,3839021508080053,0,KTP,,,"Taufan Taufan Rendra",LAKI-LAKI,SURABAYA,"2016-05-13 00:00:00",8,ISLAM,"TIDAK/BELUM SEKOLAH","BELUM/TIDAK BEKERJA","BELUM KAWIN",,,WNI,,,ANAK,TETAP,HIDUP,,"DK. HANA NO 5","DK. HANA NO 5",1,"2018-12-11 00:00:00","2018-12-11 00:00:00"
3839021305970013,3839021606100012,0,KTP,,,"Dalima Dalima Pratiwi",LAKI-LAKI,BANJARMASIN,"1997-12-05 00:00:00",26,ISLAM,SLTA/SEDERAJAT,PELAJAR/MAHASISWA,"BELUM KAWIN",,,WNI,,,ANAK,TETAP,HIDUP,,"GG. GREENHOLT NO 21","GG. GREENHOLT NO 21",1,"2017-06-11 00:00:00","2017-06-11 00:00:00"
3839021306750005,3839020102080552,0,KTP,,,"Zaenab Nasyidah",LAKI-LAKI,BANJARMASIN,"1975-06-13 00:00:00",48,ISLAM,SLTP/SEDERAJAT,"KARYAWAN SWASTA",KAWIN,,,WNI,,,"KEPALA KELUARGA",TETAP,HIDUP,,"PSR. WALSH NO 88","PSR. WALSH NO 88",1,"2018-03-01 00:00:00","2018-03-01 00:00:00"
3839021307150001,3839020102080979,0,KTP,,,"Rahayu Winarsih",LAKI-LAKI,KANDANGAN,"2015-07-13 00:00:00",8,ISLAM,"TIDAK/BELUM SEKOLAH","BELUM/TIDAK BEKERJA","BELUM KAWIN",,,WNI,,,ANAK,TETAP,HIDUP,,"KPG. KARIMAN NO 6","KPG. KARIMAN NO 6",1,"2017-03-23 00:00:00","2017-03-23 00:00:00"
3839021309740003,3839022108180001,0,KTP,,,"Lanang Lanang Rajata",LAKI-LAKI,BIMA,"1974-09-13 00:00:00",49,ISLAM,SLTA/SEDERAJAT,"TUKANG JAHIT","CERAI HIDUP TERCATAT",,,WNI,,,"KEPALA KELUARGA",TETAP,HIDUP,,"JLN. OKTO NO 7","JLN. OKTO NO 7",1,"2008-02-15 00:00:00","2008-02-15 00:00:00"
3839021309940003,3839020102080636,0,KTP,,,"Laksmiwati Mila",LAKI-LAKI,MADURA,"1994-09-13 00:00:00",29,ISLAM,SLTP/SEDERAJAT,PELAJAR/MAHASISWA,"BELUM KAWIN",,,WNI,,,ANAK,TETAP,HIDUP,,"DK. PROHASKA NO 4","DK. PROHASKA NO 4",1,"2019-01-21 00:00:00","2019-01-21 00:00:00"
3839021311820008,3839022010090033,0,KTP,,,"Aryanti Queen",LAKI-LAKI,KURAU,"1982-11-13 00:00:00",41,ISLAM,SLTP/SEDERAJAT,"BURUH HARIAN LEPAS","KAWIN TERCATAT",,,WNI,,,"KEPALA KELUARGA",TETAP,HIDUP,,"GG. NARDI NO 7","GG. NARDI NO 7",1,"2019-02-21 00:00:00","2019-02-21 00:00:00"
3839021401070004,3839021508080053,0,KTP,,,"Bancar Pradipta",LAKI-LAKI,BANJARMASIN,"2007-01-14 00:00:00",17,ISLAM,"TIDAK/BELUM SEKOLAH","BELUM/TIDAK BEKERJA","BELUM KAWIN",,,WNI,,,ANAK,TETAP,HIDUP,,"GG. DADAP NO 2","GG. DADAP NO 2",1,"2018-12-11 00:00:00","2018-12-11 00:00:00"
3839021403800006,3839020102080887,0,KTP,,,"Oman Abiputra",LAKI-LAKI,"HULU SUNGAI SELATAN ","1980-03-14 00:00:00",44,ISLAM,SLTP/SEDERAJAT,"BURUH HARIAN LEPAS","BELUM KAWIN",,,WNI,,,ANAK,TETAP,HIDUP,,"PSR. MCGLYNN NO 49","PSR. MCGLYNN NO 49",1,"2011-12-01 00:00:00","2011-12-01 00:00:00"
3839021404820006,3839021906130003,0,KTP,,,"Cinta Cinta Jelita",LAKI-LAKI,"LUMAJANG ","1962-04-14 00:00:00",62,ISLAM,SLTA/SEDERAJAT,"KARYAWAN SWASTA",KAWIN,,,WNI,,,"KEPALA KELUARGA",TETAP,HIDUP,,"JR. KASSULKE NO 3","JR. KASSULKE NO 3",1,"2013-06-19 00:00:00","2013-06-19 00:00:00"
3839021405030002,3839021101080289,0,KTP,,,"Ananda Rita",LAKI-LAKI,"KANDANGAN ","2003-05-14 00:00:00",21,ISLAM,"BELUM TAMAT SD/SEDERAJAT","BELUM/TIDAK BEKERJA","BELUM KAWIN",,,WNI,,,ANAK,TETAP,HIDUP,,"DS. MOSCISKI NO 17","DS. MOSCISKI NO 17",1,"2019-12-12 00:00:00","2019-12-12 00:00:00"
3839021408130005,3839020603190006,0,KTP,,,"Kiandra Oktaviani",LAKI-LAKI,MADURA,"2013-08-14 00:00:00",10,ISLAM,"BELUM TAMAT SD/SEDERAJAT",PELAJAR/MAHASISWA,"BELUM KAWIN",,,WNI,,,ANAK,TETAP,HIDUP,,"PSR. DOOLEY NO 8","PSR. DOOLEY NO 8",1,"2022-06-21 00:00:00","2022-06-21 00:00:00"
3839021409180003,3839021412080018,0,KTP,,,"Purnama Emas",LAKI-LAKI,MARTAPURA,"2018-09-14 00:00:00",5,ISLAM,"TIDAK/BELUM SEKOLAH","BELUM/TIDAK BEKERJA","BELUM KAWIN",,,WNI,,,ANAK,TETAP,HIDUP,,"DS. HARTAKA NO 4","DS. HARTAKA NO 4",1,"2018-11-29 00:00:00","2018-11-29 00:00:00"
3839021409800005,3839021312210010,0,KTP,,,"Dewi Dewi Nuraini",LAKI-LAKI,SOLO,"1980-09-14 00:00:00",43,BUDDHA,SLTA/SEDERAJAT,WIRASWASTA,"BELUM KAWIN",,,WNI,,,ANAK,TETAP,HIDUP,,"JR. WEHNER NO 7","JR. WEHNER NO 7",1,"2021-12-13 00:00:00","2021-12-13 00:00:00"
3839021410060004,3839021905090023,0,KTP,,,"Saputri Bella",LAKI-LAKI,"LUMAJANG ","2006-10-14 00:00:00",17,ISLAM,"TIDAK/BELUM SEKOLAH","BELUM/TIDAK BEKERJA","BELUM KAWIN",,,WNI,,,ANAK,TETAP,HIDUP,,"JR. MULYANTO NO 25","JR. MULYANTO NO 25",1,"2011-03-17 00:00:00","2011-03-17 00:00:00"
3839021410560002,3839020102080958,0,KTP,,,"Daryani Rajata",LAKI-LAKI,BARABAI,"1956-10-14 00:00:00",67,ISLAM,"TAMAT SD/SEDERAJAT","BURUH HARIAN LEPAS",KAWIN,,,WNI,,,"KEPALA KELUARGA",TETAP,HIDUP,,"DK. YUNDT NO 4","DK. YUNDT NO 4",1,"2011-11-22 00:00:00","2011-11-22 00:00:00"
3839021412970007,3839021705180006,0,KTP,,,"Yuniar Azalea",LAKI-LAKI,"BANJARMASIN ","1997-12-14 00:00:00",26,ISLAM,SLTP/SEDERAJAT,"BELUM/TIDAK BEKERJA","BELUM KAWIN",,,WNI,,,ANAK,TETAP,HIDUP,,"KI. HETTINGER NO 5","KI. HETTINGER NO 5",1,"2018-08-08 00:00:00","2018-08-08 00:00:00"
3839021501030020,3839021904180003,0,KTP,,,"Setiawan Hairyanto",LAKI-LAKI,"BANJARMASIN ","2003-01-15 00:00:00",21,ISLAM,"TAMAT SD/SEDERAJAT",PELAJAR/MAHASISWA,"BELUM KAWIN",,,WNI,,,ANAK,TETAP,HIDUP,,"JR. KUHLMAN NO 3","JR. KUHLMAN NO 3",1,"2018-04-19 00:00:00","2018-04-19 00:00:00"
3839021502720007,3839021302090003,0,KTP,,,"Dartono Rahardian",LAKI-LAKI,"BANJARMASIN ","1972-02-15 00:00:00",52,ISLAM,"DIPLOMA IV/STRATA I","KARYAWAN SWASTA",KAWIN,,,WNI,,,"KEPALA KELUARGA",TETAP,HIDUP,,"DS. BAKTIADI NO 6","DS. BAKTIADI NO 6",1,"2009-02-20 00:00:00","2009-02-20 00:00:00"
3839021505050014,3839020708090003,0,KTP,,,"Wardi Simanjuntak",LAKI-LAKI,BANJARMASIN,"2005-05-15 00:00:00",19,KRISTEN,"TIDAK/BELUM SEKOLAH","BELUM/TIDAK BEKERJA","BELUM KAWIN",,,WNI,,,ANAK,TETAP,HIDUP,,"DS. EDWARD NO 93","DS. EDWARD NO 93",1,"2012-08-07 00:00:00","2012-08-07 00:00:00"
3839021506180001,3839021602220005,0,KTP,,,"Talia Palastri",LAKI-LAKI,SURABAYA,"2018-06-15 00:00:00",5,ISLAM,"TIDAK/BELUM SEKOLAH","BELUM/TIDAK BEKERJA","BELUM KAWIN",,,WNI,,,LAINNYA,TETAP,HIDUP,,"GG. MCLAUGHLIN NO 74","GG. MCLAUGHLIN NO 74",1,"2022-02-16 00:00:00","2022-02-16 00:00:00"
3839021507110005,3839020105120001,0,KTP,,,"Ardiyanti Winda",LAKI-LAKI,BANJARMASIN,"2011-07-15 00:00:00",12,ISLAM,"TIDAK/BELUM SEKOLAH","BELUM/TIDAK BEKERJA","BELUM KAWIN",,,WNI,,,ANAK,TETAP,HIDUP,,"KI. MRAZ NO 13","KI. MRAZ NO 13",1,"2012-11-06 00:00:00","2012-11-06 00:00:00"
3839021508090001,3839022010090033,0,KTP,,,"Rizki Rizki Irawan",LAKI-LAKI,BANJARMASIN,"2008-08-13 00:00:00",15,ISLAM,"BELUM TAMAT SD/SEDERAJAT",PELAJAR/MAHASISWA,"BELUM KAWIN",,,WNI,,,ANAK,TETAP,HIDUP,,"JR. HERZOG NO 2","JR. HERZOG NO 2",1,"2019-02-21 00:00:00","2019-02-21 00:00:00"
3839021508750013,3839021101080626,0,KTP,,,"Tari Mandasari",LAKI-LAKI,BANJARMASIN,"1975-08-15 00:00:00",48,ISLAM,SLTA/SEDERAJAT,"KARYAWAN SWASTA",KAWIN,,,WNI,,,"KEPALA KELUARGA",TETAP,HIDUP,,"JLN. BAKIJAN NO 4","JLN. BAKIJAN NO 4",1,"2009-06-11 00:00:00","2009-06-11 00:00:00"
3839021509000009,3839020112220002,0,KTP,,,"Ratih Aryanti",LAKI-LAKI,BIMA,"2000-09-15 00:00:00",23,ISLAM,SLTA/SEDERAJAT,"BURUH HARIAN LEPAS","BELUM KAWIN",,,WNI,,,"KEPALA KELUARGA",TETAP,HIDUP,,"KI. VANDERVORT NO 51","KI. VANDERVORT NO 51",1,"2022-12-01 00:00:00","2022-12-01 00:00:00"
3839021510860002,3839022112070016,0,KTP,,,"Vicky Saputri",LAKI-LAKI,MADURA,"1986-10-15 00:00:00",37,ISLAM,SLTA/SEDERAJAT,WIRASWASTA,"KAWIN BELUM TERCATAT",,,WNI,,,"KEPALA KELUARGA",TETAP,HIDUP,,"PSR. SHERLY NO 3","PSR. SHERLY NO 3",1,"2021-01-28 00:00:00","2021-01-28 00:00:00"
3839021511700004,3839021506110003,0,KTP,,,"Habibi Maras",LAKI-LAKI,"BANJARMASIN ","1970-11-15 00:00:00",53,ISLAM,"STRATA II",GURU,KAWIN,,,WNI,,,"KEPALA KELUARGA",TETAP,HIDUP,,"JR. NYANA NO 65","JR. NYANA NO 65",1,"2011-06-15 00:00:00","2011-06-15 00:00:00"
3839021601010007,3839020501230012,0,KTP,,,"Eka Utami",LAKI-LAKI,BANJARMASIN,"2001-01-16 00:00:00",23,ISLAM,SLTA/SEDERAJAT,"KARYAWAN SWASTA","KAWIN TERCATAT",,,WNI,,,"KEPALA KELUARGA",TETAP,HIDUP,,"PSR. SALSABILA NO 60","PSR. SALSABILA NO 60",1,"2023-01-05 00:00:00","2023-01-05 00:00:00"
3839021602050007,3839020906160006,0,KTP,,,"Rita Rita Rahmawati",LAKI-LAKI,BANJARMASIN,"2005-02-16 00:00:00",19,ISLAM,"BELUM TAMAT SD/SEDERAJAT",PELAJAR/MAHASISWA,"BELUM KAWIN",,,WNI,,,ANAK,TETAP,HIDUP,,"GG. GISLASON NO 3","GG. GISLASON NO 3",1,"2022-01-10 00:00:00","2022-01-10 00:00:00"
3839021603200002,3839020312150003,0,KTP,,,"Nasab Tarihoran",LAKI-LAKI,RANTAU,"2020-03-16 00:00:00",4,ISLAM,"TIDAK/BELUM SEKOLAH","BELUM/TIDAK BEKERJA","BELUM KAWIN",,,WNI,,,LAINNYA,TETAP,HIDUP,,"JR. CRONIN NO 46","JR. CRONIN NO 46",1,"2020-06-05 00:00:00","2020-06-05 00:00:00"
3839021603640007,3839021201080391,0,KTP,,,"Kuswoyo Oskar",LAKI-LAKI,BANJARMASIN,"1964-03-16 00:00:00",60,ISLAM,SLTA/SEDERAJAT,WIRASWASTA,KAWIN,,,WNI,,,"KEPALA KELUARGA",TETAP,HIDUP,,"KPG. REKSA NO 4","KPG. REKSA NO 4",1,"2015-02-10 00:00:00","2015-02-10 00:00:00"
3839021604620002,3839021702080022,0,KTP,,,"Tri Uyainah",LAKI-LAKI,BANJARMASIN,"1962-04-16 00:00:00",62,ISLAM,SLTP/SEDERAJAT,WIRASWASTA,KAWIN,,,WNI,,,"KEPALA KELUARGA",TETAP,HIDUP,,"JR. CASSIN NO 88","JR. CASSIN NO 88",1,"2011-06-07 00:00:00","2011-06-07 00:00:00"
3839021605130009,3839021412090005,0,KTP,,,"Ayu Ayu Yulianti",LAKI-LAKI,RANTAU,"2013-05-24 00:00:00",10,ISLAM,"TIDAK/BELUM SEKOLAH","BELUM/TIDAK BEKERJA","BELUM KAWIN",,,WNI,,,ANAK,TETAP,HIDUP,,"DK. ATMAJA NO 5","DK. ATMAJA NO 5",1,"2019-12-31 00:00:00","2019-12-31 00:00:00"
3839021607100002,3839020901090025,0,KTP,,,"Mahmud Permadi",LAKI-LAKI,TANJUNG,"2010-07-16 00:00:00",13,ISLAM,"TIDAK/BELUM SEKOLAH","BELUM/TIDAK BEKERJA","BELUM KAWIN",,,WNI,,,ANAK,TETAP,HIDUP,,"DK. ERNSER NO 34","DK. ERNSER NO 34",1,"2019-02-18 00:00:00","2019-02-18 00:00:00"
3839021607710003,3839021912110003,0,KTP,,,"Candra Candra Siregar",LAKI-LAKI,MARTAPURA,"1971-07-16 00:00:00",52,ISLAM,SLTA/SEDERAJAT,"BURUH HARIAN LEPAS","KAWIN BELUM TERCATAT",,,WNI,,,ANAK,TETAP,HIDUP,,"JR. DARSIRAH NO 48","JR. DARSIRAH NO 48",1,"2020-08-18 00:00:00","2020-08-18 00:00:00"
3839021608680007,3839021908090031,0,KTP,,,"Bahuwirya Tamba",LAKI-LAKI,"KANDANGAN ","1968-08-16 00:00:00",55,ISLAM,"TAMAT SD/SEDERAJAT","BURUH HARIAN LEPAS","KAWIN TERCATAT",,,WNI,,,"KEPALA KELUARGA",TETAP,HIDUP,,"KI. ZIEMANN NO 22","KI. ZIEMANN NO 22",1,"2022-04-20 00:00:00","2022-04-20 00:00:00"
3839021610700006,3839021508080017,0,KTP,,,"Azzahra Aisyah",LAKI-LAKI,"KLATEN ","1970-10-16 00:00:00",53,ISLAM,SLTA/SEDERAJAT,"KARYAWAN SWASTA",KAWIN,,,WNI,,,"KEPALA KELUARGA",TETAP,HIDUP,,"KPG. ZEMLAK NO 3","KPG. ZEMLAK NO 3",1,"2008-08-15 00:00:00","2008-08-15 00:00:00"
3839021610780005,3839020710090009,0,KTP,,,"Bagas Herlambang",LAKI-LAKI,"BANJARMASIN ","1978-10-16 00:00:00",45,ISLAM,"DIPLOMA IV/STRATA I",DOKTER,KAWIN,,,WNI,,,"KEPALA KELUARGA",TETAP,HIDUP,,"PSR. FERRY NO 2","PSR. FERRY NO 2",1,"2016-04-14 00:00:00","2016-04-14 00:00:00"
3839021611140003,3839022006120003,0,KTP,,,"Harjaya Manullang",LAKI-LAKI,"BANJARMASIN ","2014-11-16 00:00:00",9,ISLAM,"TIDAK/BELUM SEKOLAH","BELUM/TIDAK BEKERJA","BELUM KAWIN",,,WNI,,,ANAK,TETAP,HIDUP,,"JR. NASAB NO 1","JR. NASAB NO 1",1,"2015-01-28 00:00:00","2015-01-28 00:00:00"
3839021611170005,3839020402190002,0,KTP,,,"Gawati Gawati Astuti",LAKI-LAKI,"LUMAJANG ","2017-11-16 00:00:00",6,ISLAM,"TIDAK/BELUM SEKOLAH","BELUM/TIDAK BEKERJA","BELUM KAWIN",,,WNI,,,ANAK,TETAP,HIDUP,,"KI. BAGIYA NO 8","KI. BAGIYA NO 8",1,"2019-05-23 00:00:00","2019-05-23 00:00:00"
3839021612165003,3839021101080397,0,KTP,,,"Gatra Pranowo",LAKI-LAKI,BANJARMASIN,"1965-12-16 00:00:00",58,ISLAM,"DIPLOMA IV/STRATA I",PEDAGANG,KAWIN,,,WNI,,,"KEPALA KELUARGA",TETAP,HIDUP,,"KI. BERGNAUM NO 8","KI. BERGNAUM NO 8",1,"2017-11-11 00:00:00","2017-11-11 00:00:00"
3839021702040002,3839021112080014,0,KTP,,,"Ivan Ivan Ramadan",LAKI-LAKI,SURABAYA,"2004-02-17 00:00:00",20,ISLAM,"TIDAK/BELUM SEKOLAH","BELUM/TIDAK BEKERJA","BELUM KAWIN",,,WNI,,,ANAK,TETAP,HIDUP,,"GG. ELON NO 94","GG. ELON NO 94",1,"2018-08-23 00:00:00","2018-08-23 00:00:00"
3839021702950005,3839020102080700,0,KTP,,,"Noviana Juwita",LAKI-LAKI,BANJARMASIN,"1995-02-17 00:00:00",29,ISLAM,SLTP/SEDERAJAT,"BELUM/TIDAK BEKERJA","BELUM KAWIN",,,WNI,,,ANAK,TETAP,HIDUP,,"KI. KENES NO 3","KI. KENES NO 3",1,"2021-11-12 00:00:00","2021-11-12 00:00:00"
3839021705790009,3839021412090005,0,KTP,,,"Puput Suryatmi",LAKI-LAKI,MADURA,"1979-05-12 00:00:00",45,ISLAM,"TAMAT SD/SEDERAJAT",WIRASWASTA,"KAWIN BELUM TERCATAT",,,WNI,,,"KEPALA KELUARGA",TETAP,HIDUP,,"KI. FERRY NO 80","KI. FERRY NO 80",1,"2019-12-31 00:00:00","2019-12-31 00:00:00"
3839021705890008,3839021808100003,0,KTP,,,"Mustika Ciaobella",LAKI-LAKI,MADURA,"1989-05-17 00:00:00",35,KATHOLIK,"AKADEMI/DIPLOMA III/SARJANA MUDA","BELUM/TIDAK BEKERJA","BELUM KAWIN",,,WNI,,,ANAK,TETAP,HIDUP,,"JR. HAMIMA NO 5","JR. HAMIMA NO 5",1,"2010-08-18 00:00:00","2010-08-18 00:00:00"
3839021706120003,3839020102080988,0,KTP,,,"Melani Tina",LAKI-LAKI,"BANJARMASIN ","2012-06-17 00:00:00",11,ISLAM,"TIDAK/BELUM SEKOLAH","BELUM/TIDAK BEKERJA","BELUM KAWIN",,,WNI,,,ANAK,TETAP,HIDUP,,"JLN. ULI NO 8","JLN. ULI NO 8",1,"2018-08-13 00:00:00","2018-08-13 00:00:00"
3839021706980007,3839021506110003,0,KTP,,,"Sabrina Yuniar",LAKI-LAKI,BANJARMASIN,"1998-06-17 00:00:00",25,ISLAM,"TAMAT SD/SEDERAJAT",PELAJAR/MAHASISWA,"BELUM KAWIN",,,WNI,,,ANAK,TETAP,HIDUP,,"JLN. ADAMS NO 42","JLN. ADAMS NO 42",1,"2011-06-15 00:00:00","2011-06-15 00:00:00"
